{
	"class_name" : "PinholeCameraParameters",
	"extrinsic" : 
	[
		0.8303577928023429,
		-0.20467834974365504,
		-0.51827860179505336,
		0.0,
		0.23350318817262605,
		-0.71668867433021266,
		0.65714047600191361,
		0.0,
		-0.50594683223204462,
		-0.66668142109482587,
		-0.5473149785282172,
		0.0,
		88.460776626505194,
		81.771635227414492,
		102.82511640737061,
		1.0
	],
	"intrinsic" : 
	{
		"height" : 1080,
		"intrinsic_matrix" : 
		[
			935.30743608719376,
			0.0,
			0.0,
			0.0,
			935.30743608719376,
			0.0,
			959.5,
			539.5,
			1.0
		],
		"width" : 1920
	},
	"version_major" : 1,
	"version_minor" : 0
}